<?xml version="1.0" encoding="utf-8"?>
<extension type="module" version="3.1.0" client="site" method="upgrade">
    <name>Mapa do Brasil</name>
    <author>Ricardo de Souza Julião</author>
    <version>1.0.1</version>
    <creationDate>2021-03-03</version>
    <description>Um simples mapa do Brasil</description>
    <files>
        <filename>mod_mapabrasil.xml</filename>
        <filename module="mod_mapabrasil">mod_mapabrasil.php</filename>
        <filename>index.html</filename>
        <filename>helper.php</filename>
        <filename>tmpl/default.php</filename>
        <filename>tmpl/index.html</filename>
	
    </files>

    <media folder="media" destination="media_mod_mapabrasil">
        <filename>images/index.html</filename>
            
        <folder>js</folder>
        <folder>images</folder>
        <folder>css</folder>
    </media>
    
    <config>

    </config>
</extension>
