<?xml version="1.0" encoding="utf-8"?>
<extension type="module" version="3.1.0" client="site" method="upgrade">
    <name>Hello, World! blau !!!!!!!!!!!!!!!!</name>
    <author>John Doe</author>
    <version>1.0.1</version>
    <description>A simple Hello, World! module. =D tchey HAHAHA</description>
    <files>
        <filename>mod_helloworld.xml</filename>
        <filename module="mod_helloworld">mod_helloworld.php</filename>
        <filename>index.html</filename>
        <filename>helper.php</filename>
        <filename>tmpl/default.php</filename>
        <filename>tmpl/index.html</filename>
	
    </files>

    <media folder="media" destination="media_mod_helloworld">
	<filename>images/index.html</filename>
    	
	<folder>js</folder>
        <folder>images</folder>
        <folder>css</folder>
    </media>
    
    <config>

    </config>
</extension>
